label,url,kind,category,confidence,year,tags,path
Le cycle budgétaire,https://ville-cabestany.fr/le-cycle-budgetaire/,page,budget,high,,budget,/le-cycle-budgetaire/
Prochain conseil municipal,https://ville-cabestany.fr/prochain-conseil-municipal/,page,deliberation,medium,,conseil municipal,/prochain-conseil-municipal/
Présentation du Conseil municipal,https://ville-cabestany.fr/presentation-du-conseil-municipal/,page,deliberation,medium,,conseil municipal,/presentation-du-conseil-municipal/
Les marchés publics,https://ville-cabestany.fr/les-marches-publics/,page,marche_public,medium,,marches publics,/les-marches-publics/
A vos côtés,https://ville-cabestany.fr/actes-municipaux/,page,page_information,low,,,/actes-municipaux/
A vos projets,https://ville-cabestany.fr/a-vos-projets/,page,page_information,low,,,/a-vos-projets/
Accueil de loisirs : 6ème à 17 ans,https://ville-cabestany.fr/accueil-de-loisirs-6eme-a-17-ans/,page,page_information,low,,,/accueil-de-loisirs-6eme-a-17-ans/
Actes municipaux,https://ville-cabestany.fr/actes-municipaux/,page,page_information,low,,,/actes-municipaux/
Associations culturelles,https://ville-cabestany.fr/associations-culturelles/,page,page_information,low,,,/associations-culturelles/
Associations sportives,https://ville-cabestany.fr/associations-sportives/,page,page_information,low,,,/associations-sportives/
Ateliers culturels,https://ville-cabestany.fr/ateliers-culturels/,page,page_information,low,,,/ateliers-culturels/
Autres associations,https://ville-cabestany.fr/autres-associations/,page,page_information,low,,,/autres-associations/
Bibliothèque,https://ville-cabestany.fr/bibliotheque-andre-stil/,page,page_information,low,,,/bibliotheque-andre-stil/
Bienvenue à Cabestany,https://ville-cabestany.fr/bienvenue-a-cabestany/,page,page_information,low,,,/bienvenue-a-cabestany/
Cadre de vie,https://ville-cabestany.fr/actes-municipaux/,page,page_information,low,,,/actes-municipaux/
Cartes postales anciennes,https://ville-cabestany.fr/cartes-postales-anciennes/,page,page_information,low,,,/cartes-postales-anciennes/
Centre culturel Jean Ferrat,https://ville-cabestany.fr/centre-culturel-jean-ferrat/,page,page_information,low,,,/centre-culturel-jean-ferrat/
Chemins de randonnée,https://ville-cabestany.fr/chemins-de-randonnee/,page,page_information,low,,,/chemins-de-randonnee/
Cimetière,https://ville-cabestany.fr/cimetiere/,page,page_information,low,,,/cimetiere/
Cinéma,https://ville-cabestany.fr/le-cinema-municipal/,page,page_information,low,,,/le-cinema-municipal/
Collectes à Cabestany,https://ville-cabestany.fr/collectes-a-cabestany/,page,page_information,low,,,/collectes-a-cabestany/
Commerces et artisans de proximité,https://ville-cabestany.fr/commerces-et-artisans-de-proximite/,page,page_information,low,,,/commerces-et-artisans-de-proximite/
Complexe Germanor,https://ville-cabestany.fr/complexe-germanor/,page,page_information,low,,,/complexe-germanor/
Conseil Communal des Jeunes - CCJ,https://ville-cabestany.fr/conseil-communal-des-jeunes-ccj/,page,page_information,low,,,/conseil-communal-des-jeunes-ccj/
Coup d'oeil,https://ville-cabestany.fr/coup-doeil/,page,page_information,low,,,/coup-doeil/
Dossier Guy Moquet,https://ville-cabestany.fr/dossier-espace-guy-moquet/,page,page_information,low,,,/dossier-espace-guy-moquet/
Déchetterie,https://ville-cabestany.fr/dechetterie/,page,page_information,low,,,/dechetterie/
Déclaration d’accessibilité,https://ville-cabestany.fr/declaration-daccessibilite/,page,page_information,low,,,/declaration-daccessibilite/
Découvrir la ville,https://ville-cabestany.fr/actes-municipaux/,page,page_information,low,,,/actes-municipaux/
Déjections canines,https://ville-cabestany.fr/dejections-canines/,page,page_information,low,,,/dejections-canines/
Démarches des Entreprises,https://ville-cabestany.fr/demarches-des-entreprises/,page,page_information,low,,,/demarches-des-entreprises/
Dépôts sauvages,https://ville-cabestany.fr/depots-sauvages/,page,page_information,low,,,/depots-sauvages/
En chiffres...,https://ville-cabestany.fr/en-chiffres/,page,page_information,low,,,/en-chiffres/
Enfance Jeunesse,https://ville-cabestany.fr/actes-municipaux/,page,page_information,low,,,/actes-municipaux/
Espace de vie sociale,https://ville-cabestany.fr/espace-de-vie-sociale/,page,page_information,low,,,/espace-de-vie-sociale/
Espace Pro,https://ville-cabestany.fr/espace-pro/,page,page_information,low,,,/espace-pro/
Etymologie et blason,https://ville-cabestany.fr/etymologie-et-blason/,page,page_information,low,,,/etymologie-et-blason/
Garderie et études surveillées,https://ville-cabestany.fr/garderie-et-etudes-surveillees/,page,page_information,low,,,/garderie-et-etudes-surveillees/
Guillem de Cabestany,https://ville-cabestany.fr/guillem-de-cabestany/,page,page_information,low,,,/guillem-de-cabestany/
Géographie,https://ville-cabestany.fr/geographie/,page,page_information,low,,,/geographie/
Gérer les options,https://ville-cabestany.fr/actes-municipaux/,page,page_information,low,,,/actes-municipaux/
Gérer les services,https://ville-cabestany.fr/actes-municipaux/,page,page_information,low,,,/actes-municipaux/
Gérer {vendor_count} fournisseurs,https://ville-cabestany.fr/actes-municipaux/,page,page_information,low,,,/actes-municipaux/
Halle aux sports départementale,https://ville-cabestany.fr/halle-aux-sports-departementale/,page,page_information,low,,,/halle-aux-sports-departementale/
Histoire,https://ville-cabestany.fr/histoire/,page,page_information,low,,,/histoire/
https://ville-cabestany.fr/,https://ville-cabestany.fr/,page,page_information,low,,,/
https://ville-cabestany.fr/contacts/,https://ville-cabestany.fr/contacts/,page,page_information,low,,,/contacts/
https://ville-cabestany.fr/demarches/,https://ville-cabestany.fr/demarches/,page,page_information,low,,,/demarches/
https://ville-cabestany.fr/le-cinema-municipal/,https://ville-cabestany.fr/le-cinema-municipal/,page,page_information,low,,,/le-cinema-municipal/
https://ville-cabestany.fr/programme-enfance/,https://ville-cabestany.fr/programme-enfance/,page,page_information,low,,,/programme-enfance/
https://ville-cabestany.fr/programme-jeunesse/,https://ville-cabestany.fr/programme-jeunesse/,page,page_information,low,,,/programme-jeunesse/
https://ville-cabestany.fr/recherche/,https://ville-cabestany.fr/recherche/,page,page_information,low,,,/recherche/
https://ville-cabestany.fr/restauration-scolaire/,https://ville-cabestany.fr/restauration-scolaire/,page,page_information,low,,,/restauration-scolaire/
Informations et démarches en ligne,https://ville-cabestany.fr/informations-et-demarches-en-ligne/,page,page_information,low,,,/informations-et-demarches-en-ligne/
Infos pratiques,https://ville-cabestany.fr/infos-pratiques/,page,page_information,low,,,/infos-pratiques/
Inscrire mon enfant,https://ville-cabestany.fr/inscrire-mon-enfant/,page,page_information,low,,,/inscrire-mon-enfant/
Je construis,https://ville-cabestany.fr/je-construis/,page,page_information,low,,,/je-construis/
Je fais des travaux,https://ville-cabestany.fr/je-fais-des-travaux/,page,page_information,low,,,/je-fais-des-travaux/
Je me mets aux normes d'accessibilité,https://ville-cabestany.fr/je-me-mets-aux-normes-daccessibilite/,page,page_information,low,,,/je-me-mets-aux-normes-daccessibilite/
L'Accueil de loisirs enfance 3-10 ans,https://ville-cabestany.fr/laccueil-de-loisirs-enfance-3-10-ans/,page,page_information,low,,,/laccueil-de-loisirs-enfance-3-10-ans/
L'action sociale,https://ville-cabestany.fr/laction-sociale/,page,page_information,low,,,/laction-sociale/
L'administration,https://ville-cabestany.fr/ladministration/,page,page_information,low,,,/ladministration/
L'Espace enfance,https://ville-cabestany.fr/lespace-enfance/,page,page_information,low,,,/lespace-enfance/
L'Espace Jeunesse,https://ville-cabestany.fr/lespace-jeunesse/,page,page_information,low,,,/lespace-jeunesse/
L'Espace Nelson Mandela,https://ville-cabestany.fr/espace-nelson-mandela/,page,page_information,low,,,/espace-nelson-mandela/
L'école,https://ville-cabestany.fr/lecole/,page,page_information,low,,,/lecole/
La Mairie,https://ville-cabestany.fr/la-mairie/,page,page_information,low,,,/la-mairie/
La petite enfance,https://ville-cabestany.fr/la-petite-enfance/,page,page_information,low,,,/la-petite-enfance/
La saison théâtre,https://ville-cabestany.fr/la-saison-theatre/,page,page_information,low,,,/la-saison-theatre/
La viticulture,https://ville-cabestany.fr/la-viticulture/,page,page_information,low,,,/la-viticulture/
Le Cinéma municipal,https://ville-cabestany.fr/le-cinema-municipal/,page,page_information,low,,,/le-cinema-municipal/
Le collège,https://ville-cabestany.fr/le-college/,page,page_information,low,,,/le-college/
Le débat d'orientation,https://ville-cabestany.fr/le-debat-dorientation/,page,page_information,low,,,/le-debat-dorientation/
Le Mas Guérido,https://ville-cabestany.fr/le-mas-guerido/,page,page_information,low,,,/le-mas-guerido/
Le Maître de l'Art roman,https://ville-cabestany.fr/le-maitre-de-lart-roman/,page,page_information,low,,,/le-maitre-de-lart-roman/
Le Projet Educatif,https://ville-cabestany.fr/le-projet-educatif/,page,page_information,low,,,/le-projet-educatif/
Le SCOT,https://ville-cabestany.fr/le-scot/,page,page_information,low,,,/le-scot/
Les activités,https://ville-cabestany.fr/les-activites/,page,page_information,low,,,/les-activites/
Les animations,https://ville-cabestany.fr/les-animations/,page,page_information,low,,,/les-animations/
Les ateliers sportifs,https://ville-cabestany.fr/les-ateliers-sportifs/,page,page_information,low,,,/les-ateliers-sportifs/
Les déplacements doux,https://ville-cabestany.fr/les-deplacements-doux/,page,page_information,low,,,/les-deplacements-doux/
Les nuisibles,https://ville-cabestany.fr/les-nuisibles/,page,page_information,low,,,/les-nuisibles/
Les Rencontres du court-métrage,https://ville-cabestany.fr/les-rencontres-du-court-metrage/,page,page_information,low,,,/les-rencontres-du-court-metrage/
Les risques majeurs,https://ville-cabestany.fr/les-risques-majeurs/,page,page_information,low,,,/les-risques-majeurs/
Les services,https://ville-cabestany.fr/les-services/,page,page_information,low,,,/les-services/
Les travaux dans mon commerce,https://ville-cabestany.fr/les-travaux-dans-mon-commerce/,page,page_information,low,,,/les-travaux-dans-mon-commerce/
Les écoles maternelles,https://ville-cabestany.fr/les-ecoles-maternelles/,page,page_information,low,,,/les-ecoles-maternelles/
Les écoles élémentaires,https://ville-cabestany.fr/les-ecoles-elementaires/,page,page_information,low,,,/les-ecoles-elementaires/
Les élus,https://ville-cabestany.fr/les-elus/,page,page_information,low,,,/les-elus/
Lieu d’Accueil Enfants-Parents (LAEP),https://ville-cabestany.fr/lieu-daccueil-enfants-parents-laep/,page,page_information,low,,,/lieu-daccueil-enfants-parents-laep/
Mentions légales,https://ville-cabestany.fr/mentions-legales/,page,page_information,low,,,/mentions-legales/
Multi-accueil,https://ville-cabestany.fr/multi-accueil/,page,page_information,low,,,/multi-accueil/
Multimédias / Cyberespace,https://ville-cabestany.fr/multimedias-cyberespace/,page,page_information,low,,,/multimedias-cyberespace/
Médipôle - Avicenne,https://ville-cabestany.fr/medipole-avicenne/,page,page_information,low,,,/medipole-avicenne/
Nos permanences,https://ville-cabestany.fr/nos-permanences/,page,page_information,low,,,/nos-permanences/
Nous écrire,https://ville-cabestany.fr/contacts/,page,page_information,low,,,/contacts/
Numéros utiles,https://ville-cabestany.fr/numeros-utiles/,page,page_information,low,,,/numeros-utiles/
Parc de la Madeleine,https://ville-cabestany.fr/parc-de-la-madeleine/,page,page_information,low,,,/parc-de-la-madeleine/
Parc Guillem,https://ville-cabestany.fr/parc-guillem/,page,page_information,low,,,/parc-guillem/
Parcours de santé,https://ville-cabestany.fr/parcours-de-sante/,page,page_information,low,,,/parcours-de-sante/
Patrimoine,https://ville-cabestany.fr/patrimoine/,page,page_information,low,,,/patrimoine/
PIJ et mission locale,https://ville-cabestany.fr/pij-et-mission-locale/,page,page_information,low,,,/pij-et-mission-locale/
Plaine de jeux,https://ville-cabestany.fr/plaine-de-jeux/,page,page_information,low,,,/plaine-de-jeux/
Plan de ville,https://ville-cabestany.fr/plan-de-ville/,page,page_information,low,,,/plan-de-ville/
Plateaux sportifs,https://ville-cabestany.fr/plateaux-sportifs/,page,page_information,low,,,/plateaux-sportifs/
Politique de confidentialité,https://ville-cabestany.fr/declaration-de-confidentialite/,page,page_information,low,,,/declaration-de-confidentialite/
Pour venir...,https://ville-cabestany.fr/pour-venir/,page,page_information,low,,,/pour-venir/
Pratique Sportive,https://ville-cabestany.fr/actes-municipaux/,page,page_information,low,,,/actes-municipaux/
"Projet ""jeunes"" - CLAP",https://ville-cabestany.fr/les-projets-jeunes-clap/,page,page_information,low,,,/les-projets-jeunes-clap/
Propreté dans la ville,https://ville-cabestany.fr/proprete-dans-la-ville/,page,page_information,low,,,/proprete-dans-la-ville/
Protection Maternelle Infantile - PMI,https://ville-cabestany.fr/protection-maternelle-infantile-pmi/,page,page_information,low,,,/protection-maternelle-infantile-pmi/
Présentation des zones d'activités,https://ville-cabestany.fr/presentation-des-zones-dactivites/,page,page_information,low,,,/presentation-des-zones-dactivites/
Pétanque,https://ville-cabestany.fr/petanque/,page,page_information,low,,,/petanque/
Relais Petite Enfance - RPE,https://ville-cabestany.fr/le-relais-petite-enfance-rpe/,page,page_information,low,,,/le-relais-petite-enfance-rpe/
Restauration scolaire,https://ville-cabestany.fr/restauration-scolaire/,page,page_information,low,,,/restauration-scolaire/
S'inscrire à l'Accueil de loisirs,https://ville-cabestany.fr/sinscrire-a-laccueil-de-loisirs/,page,page_information,low,,,/sinscrire-a-laccueil-de-loisirs/
Sainte Camille,https://ville-cabestany.fr/parcours-de-sante/,page,page_information,low,,,/parcours-de-sante/
Skatepark,https://ville-cabestany.fr/skatepark/,page,page_information,low,,,/skatepark/
Stages sportifs,https://ville-cabestany.fr/stages-sportifs/,page,page_information,low,,,/stages-sportifs/
Stationner en ville,https://ville-cabestany.fr/stationner-en-ville/,page,page_information,low,,,/stationner-en-ville/
Suivez nos Actualités,https://ville-cabestany.fr/nos-actualites/,page,page_information,low,,,/nos-actualites/
Tranquilité publique,https://ville-cabestany.fr/tranquilite-publique/,page,page_information,low,,,/tranquilite-publique/
Transport en commun,https://ville-cabestany.fr/transport-en-commun/,page,page_information,low,,,/transport-en-commun/
Vie Culturelle,https://ville-cabestany.fr/actes-municipaux/,page,page_information,low,,,/actes-municipaux/
Voir les préférences,https://ville-cabestany.fr/actes-municipaux/,page,page_information,low,,,/actes-municipaux/
Vos interlocuteurs,https://ville-cabestany.fr/vos-interlocuteurs/,page,page_information,low,,,/vos-interlocuteurs/
Votre Portail numérique citoyen,https://ville-cabestany.fr/votre-portail-numerique-citoyen/,page,page_information,low,,,/votre-portail-numerique-citoyen/
Zéro pesticides,https://ville-cabestany.fr/zero-pesticides/,page,page_information,low,,,/zero-pesticides/
{title},https://ville-cabestany.fr/actes-municipaux/,page,page_information,low,,,/actes-municipaux/
J'ai un projet de lotissement,https://ville-cabestany.fr/jai-un-projet-de-lotissement/,page,urbanisme,medium,,lotissement,/jai-un-projet-de-lotissement/
La Zone d'Aménagement Différé,https://ville-cabestany.fr/la-zone-damenagement-differe/,page,urbanisme,medium,,amenagement,/la-zone-damenagement-differe/
Le PLU en vigueur,https://ville-cabestany.fr/le-plu-en-vigueur/,page,urbanisme,medium,,plu,/le-plu-en-vigueur/
Permis de louer,https://ville-cabestany.fr/permis-de-louer/,page,urbanisme,medium,,permis,/permis-de-louer/
PLU Intercommunal,https://ville-cabestany.fr/plu-intercommunal/,page,urbanisme,medium,,plu,/plu-intercommunal/
Règlement de voirie,https://ville-cabestany.fr/reglement-de-voirie/,page,urbanisme,medium,,voirie,/reglement-de-voirie/
Une modification simplifiée du PLU,https://ville-cabestany.fr/une-modification-simplifiee-du-plu/,page,urbanisme,medium,,plu,/une-modification-simplifiee-du-plu/
